'Test Type,Test Description
0,Simulated real-world performance testing template. Revision 2.1.0 (31/01/2006 E.McGuinn - Update 14/03/2016 J.Heinz)
'Version
1.1.0
'Time Stamp
2019-09-07 16:40:53:778
'Access specifications
'End access specifications
'Results
'Target Type,Target Name,Access Specification Name,# Managers,# Workers,# Disks,IOps,Read IOps,Write IOps,MiBps (Binary),Read MiBps (Binary),Write MiBps (Binary),MBps (Decimal),Read MBps (Decimal),Write MBps (Decimal),Transactions per Second,Connections per Second,Average Response Time,Average Read Response Time,Average Write Response Time,Average Transaction Time,Average Connection Time,Maximum Response Time,Maximum Read Response Time,Maximum Write Response Time,Maximum Transaction Time,Maximum Connection Time,Errors,Read Errors,Write Errors,Bytes Read,Bytes Written,Read I/Os,Write I/Os,Connections,Transactions per Connection,Total Raw Read Response Time,Total Raw Write Response Time,Total Raw Transaction Time,Total Raw Connection Time,Maximum Raw Read Response Time,Maximum Raw Write Response Time,Maximum Raw Transaction Time,Maximum Raw Connection Time,Total Raw Run Time,Starting Sector,Maximum Size,Queue Depth,% CPU Utilization,% User Time,% Privileged Time,% DPC Time,% Interrupt Time,Processor Speed,Interrupts per Second,CPU Effectiveness,Packets/Second,Packet Errors,Segments Retransmitted/Second,0 to 50 uS,50 to 100 uS,100 to 200 uS,200 to 500 uS,0.5 to 1 mS,1 to 2 mS,2 to 5 mS,5 to 10 mS,10 to 15 mS,15 to 20 mS,20 to 30 mS,30 to 50 mS,50 to 100 mS,100 to 200 mS,200 to 500 mS,0.5 to 1 S,1 to 2 s,2 to 4.7 s,4.7 to 5 s,5 to 10 s, >= 10 s
ALL,All,Email Server - R60 W40- RND- 4K,1,0,0,0.000000,0.000000,0.000000,0.000000,0.000000,0.000000,0.000000,0.000000,0.000000,0.000000,0.000000,0.000000,0.000000,0.000000,0.000000,0.000000,0.000000,0.000000,0.000000,0.000000,0.000000,0,0,0,0,0,0,0,0,-1,,,,,,,,,,18446744073709551615,18446744073709551615,-1,0.000000,0.000000,0.000000,0.000000,0.000000,,0.000000,0.000000,0.000000,0.000000,0.000000,0,0,0,0,0,0,0,0,0,0,0,0,0,0,0,0,0,0,0,0,0
MANAGER,TESTBIRNE,Email Server - R60 W40- RND- 4K,,0,0,0.000000,0.000000,0.000000,0.000000,0.000000,0.000000,0.000000,0.000000,0.000000,0.000000,0.000000,0.000000,0.000000,0.000000,0.000000,0.000000,0.000000,0.000000,0.000000,0.000000,0.000000,0,0,0,0,0,0,0,0,-1,0,0,0,0,0,0,0,0,0,18446744073709551615,18446744073709551615,-1,0.000000,0.000000,0.000000,0.000000,0.000000,10000000.000000,0.000000,0.000000,0.000000,0.000000,0.000000,0,0,0,0,0,0,0,0,0,0,0,0,0,0,0,0,0,0,0,0,0
PROCESSOR,CPU 0,,,,,,,,,,,,,,,,,,,,,,,,,,,,,,,,,,,,,,,,,,,,,,,0.000000,0.000000,0.000000,0.000000,0.000000,10000000.000000,0.000000,,,,
PROCESSOR,CPU 1,,,,,,,,,,,,,,,,,,,,,,,,,,,,,,,,,,,,,,,,,,,,,,,0.000000,0.000000,0.000000,0.000000,0.000000,10000000.000000,0.000000,,,,
PROCESSOR,CPU 2,,,,,,,,,,,,,,,,,,,,,,,,,,,,,,,,,,,,,,,,,,,,,,,0.000000,0.000000,0.000000,0.000000,0.000000,10000000.000000,0.000000,,,,
PROCESSOR,CPU 3,,,,,,,,,,,,,,,,,,,,,,,,,,,,,,,,,,,,,,,,,,,,,,,0.000000,0.000000,0.000000,0.000000,0.000000,10000000.000000,0.000000,,,,
PROCESSOR,CPU 4,,,,,,,,,,,,,,,,,,,,,,,,,,,,,,,,,,,,,,,,,,,,,,,0.000000,0.000000,0.000000,0.000000,0.000000,10000000.000000,0.000000,,,,
PROCESSOR,CPU 5,,,,,,,,,,,,,,,,,,,,,,,,,,,,,,,,,,,,,,,,,,,,,,,0.000000,0.000000,0.000000,0.000000,0.000000,10000000.000000,0.000000,,,,
PROCESSOR,CPU 6,,,,,,,,,,,,,,,,,,,,,,,,,,,,,,,,,,,,,,,,,,,,,,,0.000000,0.000000,0.000000,0.000000,0.000000,10000000.000000,0.000000,,,,
PROCESSOR,CPU 7,,,,,,,,,,,,,,,,,,,,,,,,,,,,,,,,,,,,,,,,,,,,,,,0.000000,0.000000,0.000000,0.000000,0.000000,10000000.000000,0.000000,,,,
'Time Stamp
2019-09-07 16:41:53:913
'Access specifications
'Access specification name,default assignment
Email Server - R60 W40- RND- 4K,0
'size,% of size,% reads,% random,delay,burst,align,reply
4096,100,60,100,0,1,0,0,
'End access specifications
'Test Type,Test Description
0,Simulated real-world performance testing template. Revision 2.1.0 (31/01/2006 E.McGuinn - Update 14/03/2016 J.Heinz)
'Version
1.1.0
'Time Stamp
2019-09-07 17:16:56:089
'Access specifications
'End access specifications
'Results
'Target Type,Target Name,Access Specification Name,# Managers,# Workers,# Disks,IOps,Read IOps,Write IOps,MiBps (Binary),Read MiBps (Binary),Write MiBps (Binary),MBps (Decimal),Read MBps (Decimal),Write MBps (Decimal),Transactions per Second,Connections per Second,Average Response Time,Average Read Response Time,Average Write Response Time,Average Transaction Time,Average Connection Time,Maximum Response Time,Maximum Read Response Time,Maximum Write Response Time,Maximum Transaction Time,Maximum Connection Time,Errors,Read Errors,Write Errors,Bytes Read,Bytes Written,Read I/Os,Write I/Os,Connections,Transactions per Connection,Total Raw Read Response Time,Total Raw Write Response Time,Total Raw Transaction Time,Total Raw Connection Time,Maximum Raw Read Response Time,Maximum Raw Write Response Time,Maximum Raw Transaction Time,Maximum Raw Connection Time,Total Raw Run Time,Starting Sector,Maximum Size,Queue Depth,% CPU Utilization,% User Time,% Privileged Time,% DPC Time,% Interrupt Time,Processor Speed,Interrupts per Second,CPU Effectiveness,Packets/Second,Packet Errors,Segments Retransmitted/Second,0 to 50 uS,50 to 100 uS,100 to 200 uS,200 to 500 uS,0.5 to 1 mS,1 to 2 mS,2 to 5 mS,5 to 10 mS,10 to 15 mS,15 to 20 mS,20 to 30 mS,30 to 50 mS,50 to 100 mS,100 to 200 mS,200 to 500 mS,0.5 to 1 S,1 to 2 s,2 to 4.7 s,4.7 to 5 s,5 to 10 s, >= 10 s
ALL,All,Email Server - R60 W40- RND- 4K,1,0,0,0.000000,0.000000,0.000000,0.000000,0.000000,0.000000,0.000000,0.000000,0.000000,0.000000,0.000000,0.000000,0.000000,0.000000,0.000000,0.000000,0.000000,0.000000,0.000000,0.000000,0.000000,0,0,0,0,0,0,0,0,-1,,,,,,,,,,18446744073709551615,18446744073709551615,-1,5.420434,0.774869,4.636189,1.497645,0.921378,,21698.949933,0.000000,89557.043288,0.000000,0.000000,0,0,0,0,0,0,0,0,0,0,0,0,0,0,0,0,0,0,0,0,0
MANAGER,TESTBIRNE,Email Server - R60 W40- RND- 4K,,0,0,0.000000,0.000000,0.000000,0.000000,0.000000,0.000000,0.000000,0.000000,0.000000,0.000000,0.000000,0.000000,0.000000,0.000000,0.000000,0.000000,0.000000,0.000000,0.000000,0.000000,0.000000,0,0,0,0,0,0,0,0,-1,0,0,0,0,0,0,0,0,0,18446744073709551615,18446744073709551615,-1,5.420434,0.774869,4.636189,1.497645,0.921378,10000000.000000,21698.949933,0.000000,89557.043288,0.000000,0.000000,0,0,0,0,0,0,0,0,0,0,0,0,0,0,0,0,0,0,0,0,0
PROCESSOR,CPU 0,,,,,,,,,,,,,,,,,,,,,,,,,,,,,,,,,,,,,,,,,,,,,,,22.669403,1.093932,21.566094,11.929072,7.292882,10000000.000000,7311.451945,,,,
PROCESSOR,CPU 1,,,,,,,,,,,,,,,,,,,,,,,,,,,,,,,,,,,,,,,,,,,,,,,0.973078,0.260460,0.703242,0.026046,0.000000,10000000.000000,1330.138363,,,,
PROCESSOR,CPU 2,,,,,,,,,,,,,,,,,,,,,,,,,,,,,,,,,,,,,,,,,,,,,,,3.838139,1.302300,2.526463,0.000000,0.026046,10000000.000000,2950.775144,,,,
PROCESSOR,CPU 3,,,,,,,,,,,,,,,,,,,,,,,,,,,,,,,,,,,,,,,,,,,,,,,0.504250,0.130230,0.364644,0.000000,0.026046,10000000.000000,1442.640447,,,,
PROCESSOR,CPU 4,,,,,,,,,,,,,,,,,,,,,,,,,,,,,,,,,,,,,,,,,,,,,,,5.739498,0.859518,4.870603,0.000000,0.000000,10000000.000000,2993.165543,,,,
PROCESSOR,CPU 5,,,,,,,,,,,,,,,,,,,,,,,,,,,,,,,,,,,,,,,,,,,,,,,1.702367,0.234414,1.458576,0.000000,0.026046,10000000.000000,1463.110526,,,,
PROCESSOR,CPU 6,,,,,,,,,,,,,,,,,,,,,,,,,,,,,,,,,,,,,,,,,,,,,,,4.098599,0.989748,3.099475,0.026046,0.000000,10000000.000000,3182.397082,,,,
PROCESSOR,CPU 7,,,,,,,,,,,,,,,,,,,,,,,,,,,,,,,,,,,,,,,,,,,,,,,3.838139,1.328346,2.500417,0.000000,0.000000,10000000.000000,1025.270884,,,,
'Time Stamp
2019-09-07 17:17:57:720
'Access specifications
'Access specification name,default assignment
Email Server - R60 W40- RND- 4K,0
'size,% of size,% reads,% random,delay,burst,align,reply
4096,100,60,100,0,1,0,0,
'End access specifications
'Results
'Target Type,Target Name,Access Specification Name,# Managers,# Workers,# Disks,IOps,Read IOps,Write IOps,MiBps (Binary),Read MiBps (Binary),Write MiBps (Binary),MBps (Decimal),Read MBps (Decimal),Write MBps (Decimal),Transactions per Second,Connections per Second,Average Response Time,Average Read Response Time,Average Write Response Time,Average Transaction Time,Average Connection Time,Maximum Response Time,Maximum Read Response Time,Maximum Write Response Time,Maximum Transaction Time,Maximum Connection Time,Errors,Read Errors,Write Errors,Bytes Read,Bytes Written,Read I/Os,Write I/Os,Connections,Transactions per Connection,Total Raw Read Response Time,Total Raw Write Response Time,Total Raw Transaction Time,Total Raw Connection Time,Maximum Raw Read Response Time,Maximum Raw Write Response Time,Maximum Raw Transaction Time,Maximum Raw Connection Time,Total Raw Run Time,Starting Sector,Maximum Size,Queue Depth,% CPU Utilization,% User Time,% Privileged Time,% DPC Time,% Interrupt Time,Processor Speed,Interrupts per Second,CPU Effectiveness,Packets/Second,Packet Errors,Segments Retransmitted/Second,0 to 50 uS,50 to 100 uS,100 to 200 uS,200 to 500 uS,0.5 to 1 mS,1 to 2 mS,2 to 5 mS,5 to 10 mS,10 to 15 mS,15 to 20 mS,20 to 30 mS,30 to 50 mS,50 to 100 mS,100 to 200 mS,200 to 500 mS,0.5 to 1 S,1 to 2 s,2 to 4.7 s,4.7 to 5 s,5 to 10 s, >= 10 s
ALL,All,,1,1,1,248636.698001,124318.338435,124318.359567,971.237102,485.618510,485.618592,1018.415915,509.207914,509.208001,248636.698001,0.000000,0.007959,0.007440,0.008479,0.007959,0.000000,0.587200,0.587200,0.466400,0.587200,0.000000,0,0,0,30558789632,30558793728,7460642,7460643,0,-1,,,,,,,,,,18446744073709551615,18446744073709551615,1,21.641482,2.818745,18.839375,0.234353,0.345020,,126714.986468,11488.894393,10418.020515,0.000000,0.000000,14871257,38800,10435,781,12,0,0,0,0,0,0,0,0,0,0,0,0,0,0,0,0
MANAGER,TESTBIRNE,,,1,1,248636.698001,124318.338435,124318.359567,971.237102,485.618510,485.618592,1018.415915,509.207914,509.208001,248636.698001,0.000000,0.007959,0.007440,0.008479,0.007959,0.000000,0.587200,0.587200,0.466400,0.587200,0.000000,0,0,0,30558789632,30558793728,7460642,7460643,0,-1,555066330,632587793,1187654123,0,5872,4664,5872,0,600124055,18446744073709551615,18446744073709551615,1,21.641482,2.818745,18.839375,0.234353,0.345020,10000000.000000,126714.986468,11488.894393,10418.020515,0.000000,0.000000,14871257,38800,10435,781,12,0,0,0,0,0,0,0,0,0,0,0,0,0,0,0,0
PROCESSOR,CPU 0,,,,,,,,,,,,,,,,,,,,,,,,,,,,,,,,,,,,,,,,,,,,,,,79.090508,7.603452,71.503694,1.822745,1.588392,10000000.000000,49942.754465,,,,
PROCESSOR,CPU 1,,,,,,,,,,,,,,,,,,,,,,,,,,,,,,,,,,,,,,,,,,,,,,,1.754029,0.546824,1.223843,0.000000,0.052078,10000000.000000,2797.470320,,,,
PROCESSOR,CPU 2,,,,,,,,,,,,,,,,,,,,,,,,,,,,,,,,,,,,,,,,,,,,,,,5.373480,1.562353,3.827765,0.026039,0.104157,10000000.000000,3085.576566,,,,
PROCESSOR,CPU 3,,,,,,,,,,,,,,,,,,,,,,,,,,,,,,,,,,,,,,,,,,,,,,,2.977872,0.677020,2.317490,0.000000,0.000000,10000000.000000,2274.086194,,,,
PROCESSOR,CPU 4,,,,,,,,,,,,,,,,,,,,,,,,,,,,,,,,,,,,,,,,,,,,,,,4.618343,1.015530,3.619451,0.026039,0.000000,10000000.000000,3121.139889,,,,
PROCESSOR,CPU 5,,,,,,,,,,,,,,,,,,,,,,,,,,,,,,,,,,,,,,,,,,,,,,,1.597793,0.572863,1.041569,0.000000,0.000000,10000000.000000,1700.590113,,,,
PROCESSOR,CPU 6,,,,,,,,,,,,,,,,,,,,,,,,,,,,,,,,,,,,,,,,,,,,,,,8.003441,1.119686,6.900393,0.000000,0.052078,10000000.000000,4308.028300,,,,
PROCESSOR,CPU 7,,,,,,,,,,,,,,,,,,,,,,,,,,,,,,,,,,,,,,,,,,,,,,,69.716389,9.452236,60.280791,0.000000,0.963451,10000000.000000,59485.340621,,,,
WORKER,Worker 9,Email Server - R60 W40- RND- 4K,,,1,124318.346146,74575.697520,49742.648626,485.618540,291.311318,194.307221,509.207946,305.462057,203.745889,124318.346146,0.000000,0.007958,0.007234,0.009043,0.007958,0.000000,0.575400,0.575400,0.466400,0.575400,0.000000,0,0,0,18331512832,12227280896,4475467,2985176,0,-1,323750013,269947325,593697338,0,5754,4664,5754,0,600124055,18446744073709551615,18446744073709551615,1,,,,,,10000000.000000,,,,,,7437495,17829,4947,367,5,0,0,0,0,0,0,0,0,0,0,0,0,0,0,0,0
NETWORK,TESTBIRNE:192.168.100.85 >> TESTBIRNE:192.168.100.85,,,,,124318.346146,74575.697520,49742.648626,485.618540,291.311318,194.307221,509.207946,305.462057,203.745889,124318.346146,0.000000,0.007958,0.007234,0.009043,0.007958,0.000000,0.575400,0.575400,0.466400,0.575400,0.000000,0,0,0,18331512832,12227280896,4475467,2985176,0,-1,323750013,269947325,593697338,0,5754,4664,5754,0,600124055,18446744073709551615,18446744073709551615,1,,,,,,10000000.000000,,,,,,7437495,17829,4947,367,5,0,0,0,0,0,0,0,0,0,0,0,0,0,0,0,0
WORKER,[Worker 9],Email Server - R60 W40- RND- 4K,,,1,124318.351855,49742.640915,74575.710941,485.618562,194.307191,291.311371,509.207969,203.745857,305.462112,124318.351855,0.000000,0.007961,0.007749,0.008103,0.007961,0.000000,0.587200,0.587200,0.418400,0.587200,0.000000,0,0,0,12227276800,18331512832,2985175,4475467,0,-1,231316317,362640468,593956785,0,5872,4184,5872,0,600123947,18446744073709551615,18446744073709551615,1,,,,,,10000000.000000,,,,,,7433762,20971,5488,414,7,0,0,0,0,0,0,0,0,0,0,0,0,0,0,0,0
'Time Stamp
2019-09-07 17:19:00:152
'Access specifications
'Access specification name,default assignment
Database Server - R70 W30- RND- 8K,0
'size,% of size,% reads,% random,delay,burst,align,reply
8192,100,70,100,0,1,0,0,
'End access specifications
'Results
'Target Type,Target Name,Access Specification Name,# Managers,# Workers,# Disks,IOps,Read IOps,Write IOps,MiBps (Binary),Read MiBps (Binary),Write MiBps (Binary),MBps (Decimal),Read MBps (Decimal),Write MBps (Decimal),Transactions per Second,Connections per Second,Average Response Time,Average Read Response Time,Average Write Response Time,Average Transaction Time,Average Connection Time,Maximum Response Time,Maximum Read Response Time,Maximum Write Response Time,Maximum Transaction Time,Maximum Connection Time,Errors,Read Errors,Write Errors,Bytes Read,Bytes Written,Read I/Os,Write I/Os,Connections,Transactions per Connection,Total Raw Read Response Time,Total Raw Write Response Time,Total Raw Transaction Time,Total Raw Connection Time,Maximum Raw Read Response Time,Maximum Raw Write Response Time,Maximum Raw Transaction Time,Maximum Raw Connection Time,Total Raw Run Time,Starting Sector,Maximum Size,Queue Depth,% CPU Utilization,% User Time,% Privileged Time,% DPC Time,% Interrupt Time,Processor Speed,Interrupts per Second,CPU Effectiveness,Packets/Second,Packet Errors,Segments Retransmitted/Second,0 to 50 uS,50 to 100 uS,100 to 200 uS,200 to 500 uS,0.5 to 1 mS,1 to 2 mS,2 to 5 mS,5 to 10 mS,10 to 15 mS,15 to 20 mS,20 to 30 mS,30 to 50 mS,50 to 100 mS,100 to 200 mS,200 to 500 mS,0.5 to 1 S,1 to 2 s,2 to 4.7 s,4.7 to 5 s,5 to 10 s, >= 10 s
ALL,All,,1,1,1,237185.171897,118592.593302,118592.578595,1853.009155,926.504635,926.504520,1943.020928,971.510524,971.510404,237185.171897,0.000000,0.008349,0.007747,0.008951,0.008349,0.000000,0.462800,0.456700,0.462800,0.462800,0.000000,0,0,0,58310508544,58310508544,7117982,7117982,0,-1,,,,,,,,,,18446744073709551615,18446744073709551615,1,21.676126,2.642581,19.035041,0.058579,0.400292,,119609.008635,10942.230908,3.815730,0.000000,2.616025,14228815,5553,1324,272,0,0,0,0,0,0,0,0,0,0,0,0,0,0,0,0,0
MANAGER,TESTBIRNE,,,1,1,237185.171897,118592.593302,118592.578595,1853.009155,926.504635,926.504520,1943.020928,971.510524,971.510404,237185.171897,0.000000,0.008349,0.007747,0.008951,0.008349,0.000000,0.462800,0.456700,0.462800,0.462800,0.000000,0,0,0,58310508544,58310508544,7117982,7117982,0,-1,551456806,637130045,1188586851,0,4567,4628,4628,0,600204730,18446744073709551615,18446744073709551615,1,21.676126,2.642581,19.035041,0.058579,0.400292,10000000.000000,119609.008635,10942.230908,3.815730,0.000000,2.616025,14228815,5553,1324,272,0,0,0,0,0,0,0,0,0,0,0,0,0,0,0,0,0
PROCESSOR,CPU 0,,,,,,,,,,,,,,,,,,,,,,,,,,,,,,,,,,,,,,,,,,,,,,,5.179524,1.327799,3.853221,0.468635,0.807094,10000000.000000,2428.453936,,,,
PROCESSOR,CPU 1,,,,,,,,,,,,,,,,,,,,,,,,,,,,,,,,,,,,,,,,,,,,,,,2.471855,1.223658,1.249693,0.000000,0.026035,10000000.000000,1687.702420,,,,
PROCESSOR,CPU 2,,,,,,,,,,,,,,,,,,,,,,,,,,,,,,,,,,,,,,,,,,,,,,,66.544670,8.851994,57.694172,0.000000,1.588152,10000000.000000,64728.479061,,,,
PROCESSOR,CPU 3,,,,,,,,,,,,,,,,,,,,,,,,,,,,,,,,,,,,,,,,,,,,,,,12.000766,1.145552,10.856710,0.000000,0.052071,10000000.000000,4879.835578,,,,
PROCESSOR,CPU 4,,,,,,,,,,,,,,,,,,,,,,,,,,,,,,,,,,,,,,,,,,,,,,,79.067638,6.586925,72.482209,0.000000,0.598811,10000000.000000,39787.450837,,,,
PROCESSOR,CPU 5,,,,,,,,,,,,,,,,,,,,,,,,,,,,,,,,,,,,,,,,,,,,,,,1.482514,0.260353,1.223658,0.000000,0.026035,10000000.000000,2226.703456,,,,
PROCESSOR,CPU 6,,,,,,,,,,,,,,,,,,,,,,,,,,,,,,,,,,,,,,,,,,,,,,,5.465912,1.119517,4.347891,0.000000,0.104141,10000000.000000,2704.669472,,,,
PROCESSOR,CPU 7,,,,,,,,,,,,,,,,,,,,,,,,,,,,,,,,,,,,,,,,,,,,,,,1.196126,0.624847,0.572776,0.000000,0.000000,10000000.000000,1165.713876,,,,
WORKER,Worker 9,Database Server - R70 W30- RND- 8K,,,1,118592.587663,83025.829275,35566.758388,926.504591,648.639291,277.865300,971.510478,680.147593,291.362885,118592.587663,0.000000,0.008344,0.007548,0.010204,0.008344,0.000000,0.462800,0.422400,0.462800,0.462800,0.000000,0,0,0,40822767616,17487732736,4983248,2134733,0,-1,376135901,217820908,593956809,0,4224,4628,4628,0,600204544,18446744073709551615,18446744073709551615,1,,,,,,10000000.000000,,,,,,7114412,2714,716,139,0,0,0,0,0,0,0,0,0,0,0,0,0,0,0,0,0
NETWORK,TESTBIRNE:192.168.100.85 >> TESTBIRNE:192.168.100.85,,,,,118592.587663,83025.829275,35566.758388,926.504591,648.639291,277.865300,971.510478,680.147593,291.362885,118592.587663,0.000000,0.008344,0.007548,0.010204,0.008344,0.000000,0.462800,0.422400,0.462800,0.462800,0.000000,0,0,0,40822767616,17487732736,4983248,2134733,0,-1,376135901,217820908,593956809,0,4224,4628,4628,0,600204544,18446744073709551615,18446744073709551615,1,,,,,,10000000.000000,,,,,,7114412,2714,716,139,0,0,0,0,0,0,0,0,0,0,0,0,0,0,0,0,0
WORKER,[Worker 9],Database Server - R70 W30- RND- 8K,,,1,118592.584234,35566.764027,83025.820206,926.504564,277.865344,648.639220,971.510450,291.362931,680.147519,118592.584234,0.000000,0.008354,0.008213,0.008414,0.008354,0.000000,0.456700,0.456700,0.387700,0.456700,0.000000,0,0,0,17487740928,40822775808,2134734,4983249,0,-1,175320905,419309137,594630042,0,4567,3877,4567,0,600204730,18446744073709551615,18446744073709551615,1,,,,,,10000000.000000,,,,,,7114403,2839,608,133,0,0,0,0,0,0,0,0,0,0,0,0,0,0,0,0,0
'Time Stamp
2019-09-07 17:20:01:337
'Access specifications
'Access specification name,default assignment
Web Server - R95 W5- RND- Var,0
'size,% of size,% reads,% random,delay,burst,align,reply
2048,20,95,100,0,1,0,0,
4096,19,95,100,0,1,0,0,
8192,18,95,100,0,1,0,0,
16384,17,95,100,0,1,0,0,
32768,16,95,100,0,1,0,0,
65536,10,95,100,0,1,0,0,
'End access specifications
'Results
'Target Type,Target Name,Access Specification Name,# Managers,# Workers,# Disks,IOps,Read IOps,Write IOps,MiBps (Binary),Read MiBps (Binary),Write MiBps (Binary),MBps (Decimal),Read MBps (Decimal),Write MBps (Decimal),Transactions per Second,Connections per Second,Average Response Time,Average Read Response Time,Average Write Response Time,Average Transaction Time,Average Connection Time,Maximum Response Time,Maximum Read Response Time,Maximum Write Response Time,Maximum Transaction Time,Maximum Connection Time,Errors,Read Errors,Write Errors,Bytes Read,Bytes Written,Read I/Os,Write I/Os,Connections,Transactions per Connection,Total Raw Read Response Time,Total Raw Write Response Time,Total Raw Transaction Time,Total Raw Connection Time,Maximum Raw Read Response Time,Maximum Raw Write Response Time,Maximum Raw Transaction Time,Maximum Raw Connection Time,Total Raw Run Time,Starting Sector,Maximum Size,Queue Depth,% CPU Utilization,% User Time,% Privileged Time,% DPC Time,% Interrupt Time,Processor Speed,Interrupts per Second,CPU Effectiveness,Packets/Second,Packet Errors,Segments Retransmitted/Second,0 to 50 uS,50 to 100 uS,100 to 200 uS,200 to 500 uS,0.5 to 1 mS,1 to 2 mS,2 to 5 mS,5 to 10 mS,10 to 15 mS,15 to 20 mS,20 to 30 mS,30 to 50 mS,50 to 100 mS,100 to 200 mS,200 to 500 mS,0.5 to 1 S,1 to 2 s,2 to 4.7 s,4.7 to 5 s,5 to 10 s, >= 10 s
ALL,All,,1,1,1,226787.824678,113393.921097,113393.903580,3729.361269,1864.680734,1864.680535,3910.518722,1955.259465,1955.259257,226787.824678,0.000000,0.008737,0.008620,0.008853,0.008737,0.000000,0.480500,0.480500,0.264700,0.480500,0.000000,0,0,0,117346138112,117346138112,6805408,6805408,0,-1,,,,,,,,,,18446744073709551615,18446744073709551615,1,20.946872,2.131821,18.825118,0.055330,0.231083,,101857.779578,10826.810778,3.099505,0.000000,2.232977,13593486,15500,1684,146,0,0,0,0,0,0,0,0,0,0,0,0,0,0,0,0,0
MANAGER,TESTBIRNE,,,1,1,226787.824678,113393.921097,113393.903580,3729.361269,1864.680734,1864.680535,3910.518722,1955.259465,1955.259257,226787.824678,0.000000,0.008737,0.008620,0.008853,0.008737,0.000000,0.480500,0.480500,0.264700,0.480500,0.000000,0,0,0,117346138112,117346138112,6805408,6805408,0,-1,586652389,602496071,1189148460,0,4805,2647,4805,0,600156432,18446744073709551615,18446744073709551615,1,20.946872,2.131821,18.825118,0.055330,0.231083,10000000.000000,101857.779578,10826.810778,3.099505,0.000000,2.232977,13593486,15500,1684,146,0,0,0,0,0,0,0,0,0,0,0,0,0,0,0,0,0
PROCESSOR,CPU 0,,,,,,,,,,,,,,,,,,,,,,,,,,,,,,,,,,,,,,,,,,,,,,,2.671797,0.468675,2.213188,0.442638,0.338488,10000000.000000,3286.708326,,,,
PROCESSOR,CPU 1,,,,,,,,,,,,,,,,,,,,,,,,,,,,,,,,,,,,,,,,,,,,,,,86.720871,5.155426,81.575511,0.000000,0.104150,10000000.000000,7019.045468,,,,
PROCESSOR,CPU 2,,,,,,,,,,,,,,,,,,,,,,,,,,,,,,,,,,,,,,,,,,,,,,,8.217786,1.015463,7.212390,0.000000,0.052075,10000000.000000,3044.147071,,,,
PROCESSOR,CPU 3,,,,,,,,,,,,,,,,,,,,,,,,,,,,,,,,,,,,,,,,,,,,,,,1.656334,0.338488,1.327913,0.000000,0.026038,10000000.000000,1981.883421,,,,
PROCESSOR,CPU 4,,,,,,,,,,,,,,,,,,,,,,,,,,,,,,,,,,,,,,,,,,,,,,,3.296697,1.119613,2.187151,0.000000,0.026038,10000000.000000,2938.913881,,,,
PROCESSOR,CPU 5,,,,,,,,,,,,,,,,,,,,,,,,,,,,,,,,,,,,,,,,,,,,,,,5.614035,0.260375,5.363727,0.000000,0.026038,10000000.000000,1756.286123,,,,
PROCESSOR,CPU 6,,,,,,,,,,,,,,,,,,,,,,,,,,,,,,,,,,,,,,,,,,,,,,,55.684162,8.097665,47.596564,0.000000,1.275838,10000000.000000,80672.980234,,,,
PROCESSOR,CPU 7,,,,,,,,,,,,,,,,,,,,,,,,,,,,,,,,,,,,,,,,,,,,,,,3.713297,0.598863,3.124501,0.000000,0.000000,10000000.000000,1157.815054,,,,
WORKER,Worker 9,Web Server - R95 W5- RND- Var,,,1,113393.922069,107730.014458,5663.907612,1864.680795,1510.686569,353.994226,1955.259529,1584.069680,371.189849,113393.922069,0.000000,0.008727,0.007736,0.027572,0.008727,0.000000,0.480500,0.480500,0.236400,0.480500,0.000000,0,0,0,95068944384,22277193728,6465485,339923,0,-1,500150920,93723666,593874586,0,4805,2364,4805,0,600156329,18446744073709551615,18446744073709551615,1,,,,,,10000000.000000,,,,,,6797918,6663,784,43,0,0,0,0,0,0,0,0,0,0,0,0,0,0,0,0,0
NETWORK,TESTBIRNE:192.168.100.85 >> TESTBIRNE:192.168.100.85,,,,,113393.922069,107730.014458,5663.907612,1864.680795,1510.686569,353.994226,1955.259529,1584.069680,371.189849,113393.922069,0.000000,0.008727,0.007736,0.027572,0.008727,0.000000,0.480500,0.480500,0.236400,0.480500,0.000000,0,0,0,95068944384,22277193728,6465485,339923,0,-1,500150920,93723666,593874586,0,4805,2364,4805,0,600156329,18446744073709551615,18446744073709551615,1,,,,,,10000000.000000,,,,,,6797918,6663,784,43,0,0,0,0,0,0,0,0,0,0,0,0,0,0,0,0,0
WORKER,[Worker 9],Web Server - R95 W5- RND- Var,,,1,113393.902608,5663.906640,107729.995969,1864.680475,353.994165,1510.686310,1955.259193,371.189786,1584.069408,113393.902608,0.000000,0.008747,0.025447,0.007869,0.008747,0.000000,0.467000,0.467000,0.264700,0.467000,0.000000,0,0,0,22277193728,95068944384,339923,6465485,0,-1,86501469,508772405,595273874,0,4670,2647,4670,0,600156432,18446744073709551615,18446744073709551615,1,,,,,,10000000.000000,,,,,,6795568,8837,900,103,0,0,0,0,0,0,0,0,0,0,0,0,0,0,0,0,0
'Time Stamp
2019-09-07 17:21:03:054
'Access specifications
'Access specification name,default assignment
Online Tranaction Processing (OLTP)  Server - R80 W20- RND- Var,0
'size,% of size,% reads,% random,delay,burst,align,reply
2048,33,80,100,0,1,0,0,
4096,33,95,100,0,1,0,0,
8192,34,80,100,0,1,0,0,
'End access specifications
'Results
'Target Type,Target Name,Access Specification Name,# Managers,# Workers,# Disks,IOps,Read IOps,Write IOps,MiBps (Binary),Read MiBps (Binary),Write MiBps (Binary),MBps (Decimal),Read MBps (Decimal),Write MBps (Decimal),Transactions per Second,Connections per Second,Average Response Time,Average Read Response Time,Average Write Response Time,Average Transaction Time,Average Connection Time,Maximum Response Time,Maximum Read Response Time,Maximum Write Response Time,Maximum Transaction Time,Maximum Connection Time,Errors,Read Errors,Write Errors,Bytes Read,Bytes Written,Read I/Os,Write I/Os,Connections,Transactions per Connection,Total Raw Read Response Time,Total Raw Write Response Time,Total Raw Transaction Time,Total Raw Connection Time,Maximum Raw Read Response Time,Maximum Raw Write Response Time,Maximum Raw Transaction Time,Maximum Raw Connection Time,Total Raw Run Time,Starting Sector,Maximum Size,Queue Depth,% CPU Utilization,% User Time,% Privileged Time,% DPC Time,% Interrupt Time,Processor Speed,Interrupts per Second,CPU Effectiveness,Packets/Second,Packet Errors,Segments Retransmitted/Second,0 to 50 uS,50 to 100 uS,100 to 200 uS,200 to 500 uS,0.5 to 1 mS,1 to 2 mS,2 to 5 mS,5 to 10 mS,10 to 15 mS,15 to 20 mS,20 to 30 mS,30 to 50 mS,50 to 100 mS,100 to 200 mS,200 to 500 mS,0.5 to 1 S,1 to 2 s,2 to 4.7 s,4.7 to 5 s,5 to 10 s, >= 10 s
ALL,All,,1,1,1,250161.586515,125080.800324,125080.786191,1148.072705,574.036370,574.036335,1203.841484,601.920760,601.920724,250161.586515,0.000000,0.007904,0.007491,0.008318,0.007904,0.000000,0.570600,0.570600,0.290800,0.570600,0.000000,0,0,0,36128735232,36128735232,7507651,7507651,0,-1,,,,,,,,,,18446744073709551615,18446744073709551615,1,20.409051,2.385418,18.022434,0.068341,0.335195,,127672.370344,12257.384299,4.198856,0.000000,2.266049,15010574,740,3873,109,6,0,0,0,0,0,0,0,0,0,0,0,0,0,0,0,0
MANAGER,TESTBIRNE,,,1,1,250161.586515,125080.800324,125080.786191,1148.072705,574.036370,574.036335,1203.841484,601.920760,601.920724,250161.586515,0.000000,0.007904,0.007491,0.008318,0.007904,0.000000,0.570600,0.570600,0.290800,0.570600,0.000000,0,0,0,36128735232,36128735232,7507651,7507651,0,-1,562399871,624452908,1186852779,0,5706,2908,5706,0,600224184,18446744073709551615,18446744073709551615,1,20.409051,2.385418,18.022434,0.068341,0.335195,10000000.000000,127672.370344,12257.384299,4.198856,0.000000,2.266049,15010574,740,3873,109,6,0,0,0,0,0,0,0,0,0,0,0,0,0,0,0,0
PROCESSOR,CPU 0,,,,,,,,,,,,,,,,,,,,,,,,,,,,,,,,,,,,,,,,,,,,,,,4.661388,1.015348,3.644840,0.364484,0.520691,10000000.000000,2544.190262,,,,
PROCESSOR,CPU 1,,,,,,,,,,,,,,,,,,,,,,,,,,,,,,,,,,,,,,,,,,,,,,,1.407066,0.807072,0.598795,0.000000,0.000000,10000000.000000,1493.343193,,,,
PROCESSOR,CPU 2,,,,,,,,,,,,,,,,,,,,,,,,,,,,,,,,,,,,,,,,,,,,,,,4.557250,1.666213,2.889838,0.000000,0.026035,10000000.000000,2463.079024,,,,
PROCESSOR,CPU 3,,,,,,,,,,,,,,,,,,,,,,,,,,,,,,,,,,,,,,,,,,,,,,,1.094651,0.182242,0.911210,0.182242,0.026035,10000000.000000,2245.688245,,,,
PROCESSOR,CPU 4,,,,,,,,,,,,,,,,,,,,,,,,,,,,,,,,,,,,,,,,,,,,,,,11.013824,0.807072,10.205553,0.000000,0.130173,10000000.000000,4097.083900,,,,
PROCESSOR,CPU 5,,,,,,,,,,,,,,,,,,,,,,,,,,,,,,,,,,,,,,,,,,,,,,,54.986221,7.550027,47.434995,0.000000,1.431902,10000000.000000,80112.176375,,,,
PROCESSOR,CPU 6,,,,,,,,,,,,,,,,,,,,,,,,,,,,,,,,,,,,,,,,,,,,,,,7.499157,1.379832,6.118125,0.000000,0.130173,10000000.000000,11910.322136,,,,
PROCESSOR,CPU 7,,,,,,,,,,,,,,,,,,,,,,,,,,,,,,,,,,,,,,,,,,,,,,,78.052854,5.675537,72.376117,0.000000,0.416553,10000000.000000,22806.487209,,,,
WORKER,Worker 9,Online Tranaction Processing (OLTP)  Server - R80 W20- RND- Var,,,1,125080.805032,100077.109370,25003.695662,574.036406,378.695034,195.341372,601.920799,397.090524,204.830275,125080.805032,0.000000,0.007906,0.007296,0.010349,0.007906,0.000000,0.570600,0.570600,0.274300,0.570600,0.000000,0,0,0,23834329088,12294406144,6006869,1500782,0,-1,438257115,155312909,593570024,0,5706,2743,5706,0,600224071,18446744073709551615,18446744073709551615,1,,,,,,10000000.000000,,,,,,7505333,338,1925,53,2,0,0,0,0,0,0,0,0,0,0,0,0,0,0,0,0
NETWORK,TESTBIRNE:192.168.100.85 >> TESTBIRNE:192.168.100.85,,,,,125080.805032,100077.109370,25003.695662,574.036406,378.695034,195.341372,601.920799,397.090524,204.830275,125080.805032,0.000000,0.007906,0.007296,0.010349,0.007906,0.000000,0.570600,0.570600,0.274300,0.570600,0.000000,0,0,0,23834329088,12294406144,6006869,1500782,0,-1,438257115,155312909,593570024,0,5706,2743,5706,0,600224071,18446744073709551615,18446744073709551615,1,,,,,,10000000.000000,,,,,,7505333,338,1925,53,2,0,0,0,0,0,0,0,0,0,0,0,0,0,0,0,0
WORKER,[Worker 9],Online Tranaction Processing (OLTP)  Server - R80 W20- RND- Var,,,1,125080.781483,25003.690954,100077.090529,574.036298,195.341336,378.694963,601.920686,204.830236,397.090449,125080.781483,0.000000,0.007902,0.008272,0.007810,0.007902,0.000000,0.561800,0.561800,0.290800,0.561800,0.000000,0,0,0,12294406144,23834329088,1500782,6006869,0,-1,124142756,469139999,593282755,0,5618,2908,5618,0,600224184,18446744073709551615,18446744073709551615,1,,,,,,10000000.000000,,,,,,7505241,402,1948,56,4,0,0,0,0,0,0,0,0,0,0,0,0,0,0,0,0
'Time Stamp
2019-09-07 17:22:04:197
'Access specifications
'Access specification name,default assignment
Archical File Server - R90 W10- SEQ- Var,0
'size,% of size,% reads,% random,delay,burst,align,reply
65536,13,90,0,0,1,0,0,
262144,34,95,100,0,1,0,0,
524288,23,80,100,0,1,0,0,
1048576,20,80,100,0,1,0,0,
5242880,10,80,100,0,1,0,0,
'End access specifications
'Results
'Target Type,Target Name,Access Specification Name,# Managers,# Workers,# Disks,IOps,Read IOps,Write IOps,MiBps (Binary),Read MiBps (Binary),Write MiBps (Binary),MBps (Decimal),Read MBps (Decimal),Write MBps (Decimal),Transactions per Second,Connections per Second,Average Response Time,Average Read Response Time,Average Write Response Time,Average Transaction Time,Average Connection Time,Maximum Response Time,Maximum Read Response Time,Maximum Write Response Time,Maximum Transaction Time,Maximum Connection Time,Errors,Read Errors,Write Errors,Bytes Read,Bytes Written,Read I/Os,Write I/Os,Connections,Transactions per Connection,Total Raw Read Response Time,Total Raw Write Response Time,Total Raw Transaction Time,Total Raw Connection Time,Maximum Raw Read Response Time,Maximum Raw Write Response Time,Maximum Raw Transaction Time,Maximum Raw Connection Time,Total Raw Run Time,Starting Sector,Maximum Size,Queue Depth,% CPU Utilization,% User Time,% Privileged Time,% DPC Time,% Interrupt Time,Processor Speed,Interrupts per Second,CPU Effectiveness,Packets/Second,Packet Errors,Segments Retransmitted/Second,0 to 50 uS,50 to 100 uS,100 to 200 uS,200 to 500 uS,0.5 to 1 mS,1 to 2 mS,2 to 5 mS,5 to 10 mS,10 to 15 mS,15 to 20 mS,20 to 30 mS,30 to 50 mS,50 to 100 mS,100 to 200 mS,200 to 500 mS,0.5 to 1 S,1 to 2 s,2 to 4.7 s,4.7 to 5 s,5 to 10 s, >= 10 s
ALL,All,,1,1,1,7294.765835,3647.383237,3647.382598,6615.651738,3307.825715,3307.826024,6937.013637,3468.506657,3468.506980,7294.765835,0.000000,0.273935,0.271450,0.276420,0.273935,0.000000,2.697000,2.697000,2.689600,2.697000,0.000000,0,0,0,208138010624,208138010624,218872,218872,0,-1,,,,,,,,,,18446744073709551615,18446744073709551615,1,15.866410,2.981752,12.884034,0.068359,0.139973,,19156.863986,459.761599,3.616644,0.000000,2.266653,58522,143518,103976,87945,104,43412,267,0,0,0,0,0,0,0,0,0,0,0,0,0,0
MANAGER,TESTBIRNE,,,1,1,7294.765835,3647.383237,3647.382598,6615.651738,3307.825715,3307.826024,6937.013637,3468.506657,3468.506980,7294.765835,0.000000,0.273935,0.271450,0.276420,0.273935,0.000000,2.697000,2.697000,2.689600,2.697000,0.000000,0,0,0,208138010624,208138010624,218872,218872,0,-1,594127996,605007003,1199134999,0,26970,26896,26970,0,600079665,18446744073709551615,18446744073709551615,1,15.866410,2.981752,12.884034,0.068359,0.139973,10000000.000000,19156.863986,459.761599,3.616644,0.000000,2.266653,58522,143518,103976,87945,104,43412,267,0,0,0,0,0,0,0,0,0,0,0,0,0,0
PROCESSOR,CPU 0,,,,,,,,,,,,,,,,,,,,,,,,,,,,,,,,,,,,,,,,,,,,,,,68.177282,9.036402,59.140257,0.546872,1.041660,10000000.000000,4199.707169,,,,
PROCESSOR,CPU 1,,,,,,,,,,,,,,,,,,,,,,,,,,,,,,,,,,,,,,,,,,,,,,,3.438102,0.885411,2.552067,0.000000,0.000000,10000000.000000,1438.191040,,,,
PROCESSOR,CPU 2,,,,,,,,,,,,,,,,,,,,,,,,,,,,,,,,,,,,,,,,,,,,,,,46.614916,11.093681,35.520612,0.000000,0.052083,10000000.000000,2740.066263,,,,
PROCESSOR,CPU 3,,,,,,,,,,,,,,,,,,,,,,,,,,,,,,,,,,,,,,,,,,,,,,,0.703744,0.156249,0.546872,0.000000,0.000000,10000000.000000,2514.651000,,,,
PROCESSOR,CPU 4,,,,,,,,,,,,,,,,,,,,,,,,,,,,,,,,,,,,,,,,,,,,,,,4.662052,1.458324,3.203105,0.000000,0.000000,10000000.000000,2845.648938,,,,
PROCESSOR,CPU 5,,,,,,,,,,,,,,,,,,,,,,,,,,,,,,,,,,,,,,,,,,,,,,,0.208955,0.026042,0.182291,0.000000,0.026042,10000000.000000,1486.040742,,,,
PROCESSOR,CPU 6,,,,,,,,,,,,,,,,,,,,,,,,,,,,,,,,,,,,,,,,,,,,,,,2.526649,0.937494,1.588532,0.000000,0.000000,10000000.000000,2322.952195,,,,
PROCESSOR,CPU 7,,,,,,,,,,,,,,,,,,,,,,,,,,,,,,,,,,,,,,,,,,,,,,,0.599578,0.260415,0.338540,0.000000,0.000000,10000000.000000,1609.606639,,,,
WORKER,Worker 9,Archical File Server - R90 W10- SEQ- Var,,,1,3647.383449,2919.329904,728.053545,3307.826351,1124.432281,2183.394070,3468.507324,1179.052704,2289.454620,3647.383449,0.000000,0.273942,0.101309,0.966158,0.273942,0.000000,2.689600,1.626000,2.689600,2.689600,0.000000,0,0,0,70752534528,137385476096,175183,43689,0,-1,177476771,422104743,599581514,0,16260,26896,26896,0,600079490,18446744073709551615,18446744073709551615,1,,,,,,10000000.000000,,,,,,30372,72632,49927,44027,71,21727,116,0,0,0,0,0,0,0,0,0,0,0,0,0,0
NETWORK,TESTBIRNE:192.168.100.85 >> TESTBIRNE:192.168.100.85,,,,,3647.383449,2919.329904,728.053545,3307.826351,1124.432281,2183.394070,3468.507324,1179.052704,2289.454620,3647.383449,0.000000,0.273942,0.101309,0.966158,0.273942,0.000000,2.689600,1.626000,2.689600,2.689600,0.000000,0,0,0,70752534528,137385476096,175183,43689,0,-1,177476771,422104743,599581514,0,16260,26896,26896,0,600079490,18446744073709551615,18446744073709551615,1,,,,,,10000000.000000,,,,,,30372,72632,49927,44027,71,21727,116,0,0,0,0,0,0,0,0,0,0,0,0,0,0
WORKER,[Worker 9],Archical File Server - R90 W10- SEQ- Var,,,1,3647.382385,728.053333,2919.329053,3307.825387,2183.393433,1124.431954,3468.506313,2289.453953,1179.052360,3647.382385,0.000000,0.273929,0.953675,0.104406,0.273929,0.000000,2.697000,2.697000,0.584500,2.697000,0.000000,0,0,0,137385476096,70752534528,43689,175183,0,-1,416651225,182902260,599553485,0,26970,5845,26970,0,600079665,18446744073709551615,18446744073709551615,1,,,,,,10000000.000000,,,,,,28150,70886,54049,43918,33,21685,151,0,0,0,0,0,0,0,0,0,0,0,0,0,0
'Time Stamp
2019-09-07 17:23:04:333
'Access specifications
'Access specification name,default assignment
User Store File Server - R80 W20- SEQ- Var,0
'size,% of size,% reads,% random,delay,burst,align,reply
65536,13,80,0,0,1,0,0,
262144,34,95,100,0,1,0,0,
524288,23,80,100,0,1,0,0,
1048576,20,80,100,0,1,0,0,
5242880,10,80,100,0,1,0,0,
'End access specifications
'Results
'Target Type,Target Name,Access Specification Name,# Managers,# Workers,# Disks,IOps,Read IOps,Write IOps,MiBps (Binary),Read MiBps (Binary),Write MiBps (Binary),MBps (Decimal),Read MBps (Decimal),Write MBps (Decimal),Transactions per Second,Connections per Second,Average Response Time,Average Read Response Time,Average Write Response Time,Average Transaction Time,Average Connection Time,Maximum Response Time,Maximum Read Response Time,Maximum Write Response Time,Maximum Transaction Time,Maximum Connection Time,Errors,Read Errors,Write Errors,Bytes Read,Bytes Written,Read I/Os,Write I/Os,Connections,Transactions per Connection,Total Raw Read Response Time,Total Raw Write Response Time,Total Raw Transaction Time,Total Raw Connection Time,Maximum Raw Read Response Time,Maximum Raw Write Response Time,Maximum Raw Transaction Time,Maximum Raw Connection Time,Total Raw Run Time,Starting Sector,Maximum Size,Queue Depth,% CPU Utilization,% User Time,% Privileged Time,% DPC Time,% Interrupt Time,Processor Speed,Interrupts per Second,CPU Effectiveness,Packets/Second,Packet Errors,Segments Retransmitted/Second,0 to 50 uS,50 to 100 uS,100 to 200 uS,200 to 500 uS,0.5 to 1 mS,1 to 2 mS,2 to 5 mS,5 to 10 mS,10 to 15 mS,15 to 20 mS,20 to 30 mS,30 to 50 mS,50 to 100 mS,100 to 200 mS,200 to 500 mS,0.5 to 1 S,1 to 2 s,2 to 4.7 s,4.7 to 5 s,5 to 10 s, >= 10 s
ALL,All,,1,1,1,7242.869396,3621.434622,3621.434774,6586.152338,3293.076206,3293.076132,6906.081274,3453.040676,3453.040598,7242.869396,0.000000,0.275891,0.271037,0.280745,0.275891,0.000000,11.898000,11.447300,11.898000,11.898000,0.000000,0,0,0,207222407168,207222407168,217328,217328,0,-1,,,,,,,,,,18446744073709551615,18446744073709551615,1,17.467496,3.687858,13.771692,0.061844,0.071609,,19986.594965,414.648396,3.266407,0.000000,2.283152,58798,138079,106413,87566,276,42543,979,0,2,0,0,0,0,0,0,0,0,0,0,0,0
MANAGER,TESTBIRNE,,,1,1,7242.869396,3621.434622,3621.434774,6586.152338,3293.076206,3293.076132,6906.081274,3453.040676,3453.040598,7242.869396,0.000000,0.275891,0.271037,0.280745,0.275891,0.000000,11.898000,11.447300,11.898000,11.898000,0.000000,0,0,0,207222407168,207222407168,217328,217328,0,-1,589038264,610138292,1199176556,0,114473,118980,118980,0,600115771,18446744073709551615,18446744073709551615,1,17.467496,3.687858,13.771692,0.061844,0.071609,10000000.000000,19986.594965,414.648396,3.266407,0.000000,2.283152,58798,138079,106413,87566,276,42543,979,0,2,0,0,0,0,0,0,0,0,0,0,0,0
PROCESSOR,CPU 0,,,,,,,,,,,,,,,,,,,,,,,,,,,,,,,,,,,,,,,,,,,,,,,6.517846,1.822772,4.687128,0.130198,0.364554,10000000.000000,2269.769618,,,,
PROCESSOR,CPU 1,,,,,,,,,,,,,,,,,,,,,,,,,,,,,,,,,,,,,,,,,,,,,,,2.663985,1.145742,1.510297,0.026040,0.026040,10000000.000000,2054.253412,,,,
PROCESSOR,CPU 2,,,,,,,,,,,,,,,,,,,,,,,,,,,,,,,,,,,,,,,,,,,,,,,7.194875,2.656039,4.530890,0.052079,0.078119,10000000.000000,2343.080458,,,,
PROCESSOR,CPU 3,,,,,,,,,,,,,,,,,,,,,,,,,,,,,,,,,,,,,,,,,,,,,,,1.986956,0.859307,1.119703,0.052079,0.000000,10000000.000000,2853.206584,,,,
PROCESSOR,CPU 4,,,,,,,,,,,,,,,,,,,,,,,,,,,,,,,,,,,,,,,,,,,,,,,69.820107,9.764849,60.047311,0.182277,0.078119,10000000.000000,4541.955710,,,,
PROCESSOR,CPU 5,,,,,,,,,,,,,,,,,,,,,,,,,,,,,,,,,,,,,,,,,,,,,,,3.731609,1.328019,2.395643,0.026040,0.000000,10000000.000000,1497.197682,,,,
PROCESSOR,CPU 6,,,,,,,,,,,,,,,,,,,,,,,,,,,,,,,,,,,,,,,,,,,,,,,45.134569,10.884552,34.242070,0.000000,0.026040,10000000.000000,2822.992319,,,,
PROCESSOR,CPU 7,,,,,,,,,,,,,,,,,,,,,,,,,,,,,,,,,,,,,,,,,,,,,,,2.690025,1.041584,1.640495,0.026040,0.000000,10000000.000000,1604.139183,,,,
WORKER,Worker 9,User Store File Server - R80 W20- SEQ- Var,,,1,3621.434571,2895.024733,726.409838,3293.076054,1116.812634,2176.263420,3453.040516,1171.062925,2281.977592,3621.434571,0.000000,0.275898,0.099247,0.979920,0.275898,0.000000,11.898000,1.609000,11.898000,11.898000,0.000000,0,0,0,70277332992,136945074176,173735,43593,0,-1,172427537,427176616,599604153,0,16090,118980,118980,0,600115771,18446744073709551615,18446744073709551615,1,,,,,,10000000.000000,,,,,,30733,71210,49755,43747,124,21216,542,0,1,0,0,0,0,0,0,0,0,0,0,0,0
NETWORK,TESTBIRNE:192.168.100.85 >> TESTBIRNE:192.168.100.85,,,,,3621.434571,2895.024733,726.409838,3293.076054,1116.812634,2176.263420,3453.040516,1171.062925,2281.977592,3621.434571,0.000000,0.275898,0.099247,0.979920,0.275898,0.000000,11.898000,1.609000,11.898000,11.898000,0.000000,0,0,0,70277332992,136945074176,173735,43593,0,-1,172427537,427176616,599604153,0,16090,118980,118980,0,600115771,18446744073709551615,18446744073709551615,1,,,,,,10000000.000000,,,,,,30733,71210,49755,43747,124,21216,542,0,1,0,0,0,0,0,0,0,0,0,0,0,0
WORKER,[Worker 9],User Store File Server - R80 W20- SEQ- Var,,,1,3621.434825,726.409889,2895.024936,3293.076284,2176.263572,1116.812712,3453.040758,2281.977751,1171.063007,3621.434825,0.000000,0.275884,0.955683,0.105311,0.275884,0.000000,11.447300,11.447300,1.793000,11.447300,0.000000,0,0,0,136945074176,70277332992,43593,173735,0,-1,416610727,182961676,599572403,0,114473,17930,114473,0,600115729,18446744073709551615,18446744073709551615,1,,,,,,10000000.000000,,,,,,28065,66869,56658,43819,152,21327,437,0,1,0,0,0,0,0,0,0,0,0,0,0,0
'Time Stamp
2019-09-07 17:24:04:974
'Access specifications
'Access specification name,default assignment
Streaming Media Server - R98 W2- SEQ- Var,0
'size,% of size,% reads,% random,delay,burst,align,reply
65536,2,98,0,0,1,0,0,
262144,5,95,100,0,1,0,0,
524288,10,80,100,0,1,0,0,
1048576,17,80,100,0,1,0,0,
5242880,66,80,100,0,1,0,0,
'End access specifications
'Results
'Target Type,Target Name,Access Specification Name,# Managers,# Workers,# Disks,IOps,Read IOps,Write IOps,MiBps (Binary),Read MiBps (Binary),Write MiBps (Binary),MBps (Decimal),Read MBps (Decimal),Write MBps (Decimal),Transactions per Second,Connections per Second,Average Response Time,Average Read Response Time,Average Write Response Time,Average Transaction Time,Average Connection Time,Maximum Response Time,Maximum Read Response Time,Maximum Write Response Time,Maximum Transaction Time,Maximum Connection Time,Errors,Read Errors,Write Errors,Bytes Read,Bytes Written,Read I/Os,Write I/Os,Connections,Transactions per Connection,Total Raw Read Response Time,Total Raw Write Response Time,Total Raw Transaction Time,Total Raw Connection Time,Maximum Raw Read Response Time,Maximum Raw Write Response Time,Maximum Raw Transaction Time,Maximum Raw Connection Time,Total Raw Run Time,Starting Sector,Maximum Size,Queue Depth,% CPU Utilization,% User Time,% Privileged Time,% DPC Time,% Interrupt Time,Processor Speed,Interrupts per Second,CPU Effectiveness,Packets/Second,Packet Errors,Segments Retransmitted/Second,0 to 50 uS,50 to 100 uS,100 to 200 uS,200 to 500 uS,0.5 to 1 mS,1 to 2 mS,2 to 5 mS,5 to 10 mS,10 to 15 mS,15 to 20 mS,20 to 30 mS,30 to 50 mS,50 to 100 mS,100 to 200 mS,200 to 500 mS,0.5 to 1 S,1 to 2 s,2 to 4.7 s,4.7 to 5 s,5 to 10 s, >= 10 s
ALL,All,,1,1,1,1763.813706,881.906804,881.906903,6231.148703,3115.574225,3115.574477,6533.832982,3266.916359,3266.916623,1763.813706,0.000000,1.133281,1.128507,1.138055,1.133281,0.000000,7.463400,7.463400,4.597400,7.463400,0.000000,0,0,0,196069031936,196069031936,52929,52929,0,-1,,,,,,,,,,18446744073709551615,18446744073709551615,1,30.117144,10.678853,19.424381,0.156228,0.133445,,22801.011333,58.565106,5.599221,0.000000,2.299680,1890,4368,11021,18631,119,64776,5051,2,0,0,0,0,0,0,0,0,0,0,0,0,0
MANAGER,TESTBIRNE,,,1,1,1763.813706,881.906804,881.906903,6231.148703,3115.574225,3115.574477,6533.832982,3266.916359,3266.916623,1763.813706,0.000000,1.133281,1.128507,1.138055,1.133281,0.000000,7.463400,7.463400,4.597400,7.463400,0.000000,0,0,0,196069031936,196069031936,52929,52929,0,-1,597307529,602361037,1199668566,0,74634,45974,74634,0,600165480,18446744073709551615,18446744073709551615,1,30.117144,10.678853,19.424381,0.156228,0.133445,10000000.000000,22801.011333,58.565106,5.599221,0.000000,2.299680,1890,4368,11021,18631,119,64776,5051,2,0,0,0,0,0,0,0,0,0,0,0,0,0
PROCESSOR,CPU 0,,,,,,,,,,,,,,,,,,,,,,,,,,,,,,,,,,,,,,,,,,,,,,,23.838720,8.436326,15.388484,0.546799,0.729065,10000000.000000,2899.596618,,,,
PROCESSOR,CPU 1,,,,,,,,,,,,,,,,,,,,,,,,,,,,,,,,,,,,,,,,,,,,,,,38.237759,10.571446,27.652403,0.104152,0.078114,10000000.000000,2998.382875,,,,
PROCESSOR,CPU 2,,,,,,,,,,,,,,,,,,,,,,,,,,,,,,,,,,,,,,,,,,,,,,,28.890101,14.373000,14.503191,0.104152,0.000000,10000000.000000,2836.188772,,,,
PROCESSOR,CPU 3,,,,,,,,,,,,,,,,,,,,,,,,,,,,,,,,,,,,,,,,,,,,,,,50.579792,9.035201,41.530681,0.078114,0.052076,10000000.000000,2918.960591,,,,
PROCESSOR,CPU 4,,,,,,,,,,,,,,,,,,,,,,,,,,,,,,,,,,,,,,,,,,,,,,,35.425650,11.066169,24.345571,0.130190,0.104152,10000000.000000,3269.928432,,,,
PROCESSOR,CPU 5,,,,,,,,,,,,,,,,,,,,,,,,,,,,,,,,,,,,,,,,,,,,,,,18.631111,10.701636,7.915565,0.052076,0.026038,10000000.000000,2252.586628,,,,
PROCESSOR,CPU 6,,,,,,,,,,,,,,,,,,,,,,,,,,,,,,,,,,,,,,,,,,,,,,,28.134998,11.404663,16.716424,0.234342,0.052076,10000000.000000,3220.918583,,,,
PROCESSOR,CPU 7,,,,,,,,,,,,,,,,,,,,,,,,,,,,,,,,,,,,,,,,,,,,,,,17.199019,9.842381,7.342729,0.000000,0.026038,10000000.000000,2404.448834,,,,
WORKER,Worker 9,Streaming Media Server - R98 W2- SEQ- Var,,,1,881.906770,704.355739,177.551031,3115.574058,2227.818901,887.755157,3266.916183,2336.037432,930.878752,881.906770,0.000000,1.133274,0.948298,1.867084,1.133274,0.000000,4.612700,4.612700,3.915500,4.612700,0.000000,0,0,0,140200902656,55868129280,42273,10656,0,-1,400874039,198956467,599830506,0,46127,39155,46127,0,600165480,18446744073709551615,18446744073709551615,1,,,,,,10000000.000000,,,,,,930,2194,5443,9378,66,32272,2646,0,0,0,0,0,0,0,0,0,0,0,0,0,0
NETWORK,TESTBIRNE:192.168.100.85 >> TESTBIRNE:192.168.100.85,,,,,881.906770,704.355739,177.551031,3115.574058,2227.818901,887.755157,3266.916183,2336.037432,930.878752,881.906770,0.000000,1.133274,0.948298,1.867084,1.133274,0.000000,4.612700,4.612700,3.915500,4.612700,0.000000,0,0,0,140200902656,55868129280,42273,10656,0,-1,400874039,198956467,599830506,0,46127,39155,46127,0,600165480,18446744073709551615,18446744073709551615,1,,,,,,10000000.000000,,,,,,930,2194,5443,9378,66,32272,2646,0,0,0,0,0,0,0,0,0,0,0,0,0,0
WORKER,[Worker 9],Streaming Media Server - R98 W2- SEQ- Var,,,1,881.906936,177.551065,704.355871,3115.574645,887.755324,2227.819320,3266.916799,930.878927,2336.037872,881.906936,0.000000,1.133288,1.843407,0.954284,1.133288,0.000000,7.463400,7.463400,4.597400,7.463400,0.000000,0,0,0,55868129280,140200902656,10656,42273,0,-1,196433490,403404570,599838060,0,74634,45974,74634,0,600165367,18446744073709551615,18446744073709551615,1,,,,,,10000000.000000,,,,,,960,2174,5578,9253,53,32504,2405,2,0,0,0,0,0,0,0,0,0,0,0,0,0
'Time Stamp
2019-09-07 17:25:06:118
'Access specifications
'Access specification name,default assignment
Burst Read- 2M,0
'size,% of size,% reads,% random,delay,burst,align,reply
2097152,100,100,0,0,16,0,0,
'End access specifications
'Results
'Target Type,Target Name,Access Specification Name,# Managers,# Workers,# Disks,IOps,Read IOps,Write IOps,MiBps (Binary),Read MiBps (Binary),Write MiBps (Binary),MBps (Decimal),Read MBps (Decimal),Write MBps (Decimal),Transactions per Second,Connections per Second,Average Response Time,Average Read Response Time,Average Write Response Time,Average Transaction Time,Average Connection Time,Maximum Response Time,Maximum Read Response Time,Maximum Write Response Time,Maximum Transaction Time,Maximum Connection Time,Errors,Read Errors,Write Errors,Bytes Read,Bytes Written,Read I/Os,Write I/Os,Connections,Transactions per Connection,Total Raw Read Response Time,Total Raw Write Response Time,Total Raw Transaction Time,Total Raw Connection Time,Maximum Raw Read Response Time,Maximum Raw Write Response Time,Maximum Raw Transaction Time,Maximum Raw Connection Time,Total Raw Run Time,Starting Sector,Maximum Size,Queue Depth,% CPU Utilization,% User Time,% Privileged Time,% DPC Time,% Interrupt Time,Processor Speed,Interrupts per Second,CPU Effectiveness,Packets/Second,Packet Errors,Segments Retransmitted/Second,0 to 50 uS,50 to 100 uS,100 to 200 uS,200 to 500 uS,0.5 to 1 mS,1 to 2 mS,2 to 5 mS,5 to 10 mS,10 to 15 mS,15 to 20 mS,20 to 30 mS,30 to 50 mS,50 to 100 mS,100 to 200 mS,200 to 500 mS,0.5 to 1 S,1 to 2 s,2 to 4.7 s,4.7 to 5 s,5 to 10 s, >= 10 s
ALL,All,Burst Read- 2M,1,1,1,2615.528755,1307.764297,1307.764458,5231.057509,2615.528593,2615.528916,5485.161359,2742.580510,2742.580849,2615.528755,0.000000,0.764209,0.764295,0.764123,0.764209,0.000000,3.286300,3.092100,3.286300,3.286300,0.000000,0,0,0,164603363328,164603363328,78489,78489,0,-1,,,,,,,,,,18446744073709551615,18446744073709551615,1,23.276366,6.714213,16.543066,0.081365,0.078110,,22647.343100,112.368433,4.049227,0.000000,2.249571,0,0,71,47280,63291,46274,62,0,0,0,0,0,0,0,0,0,0,0,0,0,0
MANAGER,TESTBIRNE,Burst Read- 2M,,1,1,2615.528755,1307.764297,1307.764458,5231.057509,2615.528593,2615.528916,5485.161359,2742.580510,2742.580849,2615.528755,0.000000,0.764209,0.764295,0.764123,0.764209,0.000000,3.286300,3.092100,3.286300,3.286300,0.000000,0,0,0,164603363328,164603363328,78489,78489,0,-1,599887155,599752588,1199639743,0,30921,32863,32863,0,600176960,18446744073709551615,18446744073709551615,1,23.276366,6.714213,16.543066,0.081365,0.078110,10000000.000000,22647.343100,112.368433,4.049227,0.000000,2.249571,0,0,71,47280,63291,46274,62,0,0,0,0,0,0,0,0,0,0,0,0,0,0
PROCESSOR,CPU 0,,,,,,,,,,,,,,,,,,,,,,,,,,,,,,,,,,,,,,,,,,,,,,,20.952591,6.144660,14.788843,0.286404,0.390550,10000000.000000,3551.538648,,,,
PROCESSOR,CPU 1,,,,,,,,,,,,,,,,,,,,,,,,,,,,,,,,,,,,,,,,,,,,,,,19.442462,3.150440,16.272935,0.052073,0.000000,10000000.000000,2104.064983,,,,
PROCESSOR,CPU 2,,,,,,,,,,,,,,,,,,,,,,,,,,,,,,,,,,,,,,,,,,,,,,,39.751085,14.684697,25.047302,0.208294,0.026037,10000000.000000,2716.931315,,,,
PROCESSOR,CPU 3,,,,,,,,,,,,,,,,,,,,,,,,,,,,,,,,,,,,,,,,,,,,,,,16.578426,3.384770,13.174568,0.000000,0.000000,10000000.000000,2534.449486,,,,
PROCESSOR,CPU 4,,,,,,,,,,,,,,,,,,,,,,,,,,,,,,,,,,,,,,,,,,,,,,,15.771288,9.763761,5.988440,0.078110,0.130183,10000000.000000,3239.531546,,,,
PROCESSOR,CPU 5,,,,,,,,,,,,,,,,,,,,,,,,,,,,,,,,,,,,,,,,,,,,,,,18.036481,3.514954,14.502440,0.000000,0.026037,10000000.000000,3331.780602,,,,
PROCESSOR,CPU 6,,,,,,,,,,,,,,,,,,,,,,,,,,,,,,,,,,,,,,,,,,,,,,,21.577472,8.305706,13.252678,0.026037,0.026037,10000000.000000,2830.642940,,,,
PROCESSOR,CPU 7,,,,,,,,,,,,,,,,,,,,,,,,,,,,,,,,,,,,,,,,,,,,,,,34.101122,4.764715,29.317320,0.000000,0.026037,10000000.000000,2338.403579,,,,
WORKER,Worker 9,Burst Read- 2M,,,1,1307.764297,1307.764297,0.000000,2615.528593,2615.528593,0.000000,2742.580510,2742.580510,0.000000,1307.764297,0.000000,0.764295,0.764295,0.000000,0.764295,0.000000,3.092100,3.092100,0.000000,3.092100,0.000000,0,0,0,164603363328,0,78489,0,0,-1,599887155,0,599887155,0,30921,0,30921,0,600176960,18446744073709551615,18446744073709551615,1,,,,,,10000000.000000,,,,,,0,0,55,23192,31726,23504,12,0,0,0,0,0,0,0,0,0,0,0,0,0,0
NETWORK,TESTBIRNE:192.168.100.85 >> TESTBIRNE:192.168.100.85,,,,,1307.764297,1307.764297,0.000000,2615.528593,2615.528593,0.000000,2742.580510,2742.580510,0.000000,1307.764297,0.000000,0.764295,0.764295,0.000000,0.764295,0.000000,3.092100,3.092100,0.000000,3.092100,0.000000,0,0,0,164603363328,0,78489,0,0,-1,599887155,0,599887155,0,30921,0,30921,0,600176960,18446744073709551615,18446744073709551615,1,,,,,,10000000.000000,,,,,,0,0,55,23192,31726,23504,12,0,0,0,0,0,0,0,0,0,0,0,0,0,0
WORKER,[Worker 9],Burst Read- 2M,,,1,1307.764458,0.000000,1307.764458,2615.528916,0.000000,2615.528916,2742.580849,0.000000,2742.580849,1307.764458,0.000000,0.764123,0.000000,0.764123,0.764123,0.000000,3.286300,0.000000,3.286300,3.286300,0.000000,0,0,0,0,164603363328,0,78489,0,-1,0,599752588,599752588,0,0,32863,32863,0,600176886,18446744073709551615,18446744073709551615,1,,,,,,10000000.000000,,,,,,0,0,16,24088,31565,22770,50,0,0,0,0,0,0,0,0,0,0,0,0,0,0
'Time Stamp
2019-09-07 17:26:07:255
'Access specifications
'Access specification name,default assignment
Burst Write- 2M,0
'size,% of size,% reads,% random,delay,burst,align,reply
2097152,100,0,0,0,16,0,0,
'End access specifications
'Results
'Target Type,Target Name,Access Specification Name,# Managers,# Workers,# Disks,IOps,Read IOps,Write IOps,MiBps (Binary),Read MiBps (Binary),Write MiBps (Binary),MBps (Decimal),Read MBps (Decimal),Write MBps (Decimal),Transactions per Second,Connections per Second,Average Response Time,Average Read Response Time,Average Write Response Time,Average Transaction Time,Average Connection Time,Maximum Response Time,Maximum Read Response Time,Maximum Write Response Time,Maximum Transaction Time,Maximum Connection Time,Errors,Read Errors,Write Errors,Bytes Read,Bytes Written,Read I/Os,Write I/Os,Connections,Transactions per Connection,Total Raw Read Response Time,Total Raw Write Response Time,Total Raw Transaction Time,Total Raw Connection Time,Maximum Raw Read Response Time,Maximum Raw Write Response Time,Maximum Raw Transaction Time,Maximum Raw Connection Time,Total Raw Run Time,Starting Sector,Maximum Size,Queue Depth,% CPU Utilization,% User Time,% Privileged Time,% DPC Time,% Interrupt Time,Processor Speed,Interrupts per Second,CPU Effectiveness,Packets/Second,Packet Errors,Segments Retransmitted/Second,0 to 50 uS,50 to 100 uS,100 to 200 uS,200 to 500 uS,0.5 to 1 mS,1 to 2 mS,2 to 5 mS,5 to 10 mS,10 to 15 mS,15 to 20 mS,20 to 30 mS,30 to 50 mS,50 to 100 mS,100 to 200 mS,200 to 500 mS,0.5 to 1 S,1 to 2 s,2 to 4.7 s,4.7 to 5 s,5 to 10 s, >= 10 s
ALL,All,,1,1,1,1366.076748,682.904992,683.171756,2732.153497,1365.809984,1366.343513,2864.870585,1432.155570,1432.715015,1366.076748,0.000000,1.463664,1.464069,1.463258,1.463664,0.000000,15.206400,15.206400,13.934400,15.206400,0.000000,0,0,0,85960163328,85993717760,40989,41005,0,-1,,,,,,,,,,18446744073709551615,18446744073709551615,1,25.653725,8.279139,17.352346,0.172482,0.247333,,19314.507844,53.250619,53.453035,0.000000,2.432713,0,0,0,43253,22637,965,6797,8125,216,1,0,0,0,0,0,0,0,0,0,0,0
MANAGER,TESTBIRNE,,,1,1,1366.076748,682.904992,683.171756,2732.153497,1365.809984,1366.343513,2864.870585,1432.155570,1432.715015,1366.076748,0.000000,1.463664,1.464069,1.463258,1.463664,0.000000,15.206400,15.206400,13.934400,15.206400,0.000000,0,0,0,85960163328,85993717760,40989,41005,0,-1,600107395,600008856,1200116251,0,152064,139344,152064,0,600215264,18446744073709551615,18446744073709551615,1,25.653725,8.279139,17.352346,0.172482,0.247333,10000000.000000,19314.507844,53.250619,53.453035,0.000000,2.432713,0,0,0,43253,22637,965,6797,8125,216,1,0,0,0,0,0,0,0,0,0,0,0
PROCESSOR,CPU 0,,,,,,,,,,,,,,,,,,,,,,,,,,,,,,,,,,,,,,,,,,,,,,,21.816813,7.966718,13.824600,0.963296,1.510032,10000000.000000,3439.606182,,,,
PROCESSOR,CPU 1,,,,,,,,,,,,,,,,,,,,,,,,,,,,,,,,,,,,,,,,,,,,,,,14.214585,4.634235,9.554855,0.286385,0.156210,10000000.000000,1961.783049,,,,
PROCESSOR,CPU 2,,,,,,,,,,,,,,,,,,,,,,,,,,,,,,,,,,,,,,,,,,,,,,,37.541969,15.803262,21.713213,0.052070,0.078105,10000000.000000,2694.396222,,,,
PROCESSOR,CPU 3,,,,,,,,,,,,,,,,,,,,,,,,,,,,,,,,,,,,,,,,,,,,,,,16.297387,4.504060,11.767832,0.000000,0.078105,10000000.000000,2026.933102,,,,
PROCESSOR,CPU 4,,,,,,,,,,,,,,,,,,,,,,,,,,,,,,,,,,,,,,,,,,,,,,,28.533850,13.694424,14.813931,0.000000,0.000000,10000000.000000,2894.561843,,,,
PROCESSOR,CPU 5,,,,,,,,,,,,,,,,,,,,,,,,,,,,,,,,,,,,,,,,,,,,,,,18.067769,5.180970,12.861304,0.000000,0.026035,10000000.000000,1988.976115,,,,
PROCESSOR,CPU 6,,,,,,,,,,,,,,,,,,,,,,,,,,,,,,,,,,,,,,,,,,,,,,,51.600884,9.190365,42.411060,0.078105,0.104140,10000000.000000,2322.007853,,,,
PROCESSOR,CPU 7,,,,,,,,,,,,,,,,,,,,,,,,,,,,,,,,,,,,,,,,,,,,,,,17.156543,5.259076,11.871972,0.000000,0.026035,10000000.000000,1986.243478,,,,
WORKER,Worker 9,Burst Write- 2M,,,1,683.171756,0.000000,683.171756,1366.343513,0.000000,1366.343513,1432.715015,0.000000,1432.715015,683.171756,0.000000,1.463258,0.000000,1.463258,1.463258,0.000000,13.934400,0.000000,13.934400,13.934400,0.000000,0,0,0,0,85993717760,0,41005,0,-1,0,600008856,600008856,0,0,139344,139344,0,600215094,18446744073709551615,18446744073709551615,1,,,,,,10000000.000000,,,,,,0,0,0,21366,11893,327,3398,3880,141,0,0,0,0,0,0,0,0,0,0,0,0
NETWORK,TESTBIRNE:192.168.100.85 >> TESTBIRNE:192.168.100.85,,,,,683.171756,0.000000,683.171756,1366.343513,0.000000,1366.343513,1432.715015,0.000000,1432.715015,683.171756,0.000000,1.463258,0.000000,1.463258,1.463258,0.000000,13.934400,0.000000,13.934400,13.934400,0.000000,0,0,0,0,85993717760,0,41005,0,-1,0,600008856,600008856,0,0,139344,139344,0,600215094,18446744073709551615,18446744073709551615,1,,,,,,10000000.000000,,,,,,0,0,0,21366,11893,327,3398,3880,141,0,0,0,0,0,0,0,0,0,0,0,0
WORKER,[Worker 9],Burst Write- 2M,,,1,682.904992,682.904992,0.000000,1365.809984,1365.809984,0.000000,1432.155570,1432.155570,0.000000,682.904992,0.000000,1.464069,1.464069,0.000000,1.464069,0.000000,15.206400,15.206400,0.000000,15.206400,0.000000,0,0,0,85960163328,0,40989,0,0,-1,600107395,0,600107395,0,152064,0,152064,0,600215264,18446744073709551615,18446744073709551615,1,,,,,,10000000.000000,,,,,,0,0,0,21887,10744,638,3399,4245,75,1,0,0,0,0,0,0,0,0,0,0,0
'Time Stamp
2019-09-07 17:27:07:909
'Access specifications
'Access specification name,default assignment
Std Read- 2M,0
'size,% of size,% reads,% random,delay,burst,align,reply
2097152,100,100,0,0,1,0,0,
'End access specifications
'Results
'Target Type,Target Name,Access Specification Name,# Managers,# Workers,# Disks,IOps,Read IOps,Write IOps,MiBps (Binary),Read MiBps (Binary),Write MiBps (Binary),MBps (Decimal),Read MBps (Decimal),Write MBps (Decimal),Transactions per Second,Connections per Second,Average Response Time,Average Read Response Time,Average Write Response Time,Average Transaction Time,Average Connection Time,Maximum Response Time,Maximum Read Response Time,Maximum Write Response Time,Maximum Transaction Time,Maximum Connection Time,Errors,Read Errors,Write Errors,Bytes Read,Bytes Written,Read I/Os,Write I/Os,Connections,Transactions per Connection,Total Raw Read Response Time,Total Raw Write Response Time,Total Raw Transaction Time,Total Raw Connection Time,Maximum Raw Read Response Time,Maximum Raw Write Response Time,Maximum Raw Transaction Time,Maximum Raw Connection Time,Total Raw Run Time,Starting Sector,Maximum Size,Queue Depth,% CPU Utilization,% User Time,% Privileged Time,% DPC Time,% Interrupt Time,Processor Speed,Interrupts per Second,CPU Effectiveness,Packets/Second,Packet Errors,Segments Retransmitted/Second,0 to 50 uS,50 to 100 uS,100 to 200 uS,200 to 500 uS,0.5 to 1 mS,1 to 2 mS,2 to 5 mS,5 to 10 mS,10 to 15 mS,15 to 20 mS,20 to 30 mS,30 to 50 mS,50 to 100 mS,100 to 200 mS,200 to 500 mS,0.5 to 1 S,1 to 2 s,2 to 4.7 s,4.7 to 5 s,5 to 10 s, >= 10 s
ALL,All,,1,1,1,2754.853680,1377.409975,1377.443705,5509.707360,2754.819950,2754.887410,5777.346905,2888.638084,2888.708821,2754.853680,0.000000,0.725441,0.725502,0.725380,0.725441,0.000000,13.447700,13.447700,12.145200,13.447700,0.000000,0,0,0,173367361536,173371555840,82668,82670,0,-1,,,,,,,,,,18446744073709551615,18446744073709551615,1,20.851249,2.906363,17.952404,0.218059,0.208295,,29170.780127,132.119360,6.182188,0.000000,2.299574,0,0,51,63086,61634,40447,118,0,2,0,0,0,0,0,0,0,0,0,0,0,0
MANAGER,TESTBIRNE,,,1,1,2754.853680,1377.409975,1377.443705,5509.707360,2754.819950,2754.887410,5777.346905,2888.638084,2888.708821,2754.853680,0.000000,0.725441,0.725502,0.725380,0.725441,0.000000,13.447700,13.447700,12.145200,13.447700,0.000000,0,0,0,173367361536,173371555840,82668,82670,0,-1,599757960,599671992,1199429952,0,134477,121452,134477,0,600169895,18446744073709551615,18446744073709551615,1,20.851249,2.906363,17.952404,0.218059,0.208295,10000000.000000,29170.780127,132.119360,6.182188,0.000000,2.299574,0,0,51,63086,61634,40447,118,0,2,0,0,0,0,0,0,0,0,0,0,0,0
PROCESSOR,CPU 0,,,,,,,,,,,,,,,,,,,,,,,,,,,,,,,,,,,,,,,,,,,,,,,14.833483,3.254605,11.586396,1.562211,0.833179,10000000.000000,4747.687268,,,,
PROCESSOR,CPU 1,,,,,,,,,,,,,,,,,,,,,,,,,,,,,,,,,,,,,,,,,,,,,,,32.850979,2.030874,30.827623,0.182258,0.338479,10000000.000000,2784.917492,,,,
PROCESSOR,CPU 2,,,,,,,,,,,,,,,,,,,,,,,,,,,,,,,,,,,,,,,,,,,,,,,25.690847,5.728106,19.970259,0.000000,0.052074,10000000.000000,3699.064835,,,,
PROCESSOR,CPU 3,,,,,,,,,,,,,,,,,,,,,,,,,,,,,,,,,,,,,,,,,,,,,,,17.541315,1.666358,15.882475,0.000000,0.104147,10000000.000000,3195.774724,,,,
PROCESSOR,CPU 4,,,,,,,,,,,,,,,,,,,,,,,,,,,,,,,,,,,,,,,,,,,,,,,12.672425,3.541011,9.138932,0.000000,0.130184,10000000.000000,4171.943911,,,,
PROCESSOR,CPU 5,,,,,,,,,,,,,,,,,,,,,,,,,,,,,,,,,,,,,,,,,,,,,,,9.548004,2.004837,7.550685,0.000000,0.000000,10000000.000000,3407.518837,,,,
PROCESSOR,CPU 6,,,,,,,,,,,,,,,,,,,,,,,,,,,,,,,,,,,,,,,,,,,,,,,29.648448,2.942163,26.713802,0.000000,0.052074,10000000.000000,3919.140737,,,,
PROCESSOR,CPU 7,,,,,,,,,,,,,,,,,,,,,,,,,,,,,,,,,,,,,,,,,,,,,,,24.024489,2.082948,21.949059,0.000000,0.156221,10000000.000000,3244.732322,,,,
WORKER,Worker 9,Std Read- 2M,,,1,1377.409975,1377.409975,0.000000,2754.819950,2754.819950,0.000000,2888.638084,2888.638084,0.000000,1377.409975,0.000000,0.725502,0.725502,0.000000,0.725502,0.000000,13.447700,13.447700,0.000000,13.447700,0.000000,0,0,0,173367361536,0,82668,0,0,-1,599757960,0,599757960,0,134477,0,134477,0,600169895,18446744073709551615,18446744073709551615,1,,,,,,10000000.000000,,,,,,0,0,38,31278,30498,20810,43,0,1,0,0,0,0,0,0,0,0,0,0,0,0
NETWORK,TESTBIRNE:192.168.100.85 >> TESTBIRNE:192.168.100.85,,,,,1377.409975,1377.409975,0.000000,2754.819950,2754.819950,0.000000,2888.638084,2888.638084,0.000000,1377.409975,0.000000,0.725502,0.725502,0.000000,0.725502,0.000000,13.447700,13.447700,0.000000,13.447700,0.000000,0,0,0,173367361536,0,82668,0,0,-1,599757960,0,599757960,0,134477,0,134477,0,600169895,18446744073709551615,18446744073709551615,1,,,,,,10000000.000000,,,,,,0,0,38,31278,30498,20810,43,0,1,0,0,0,0,0,0,0,0,0,0,0,0
WORKER,[Worker 9],Std Read- 2M,,,1,1377.443705,0.000000,1377.443705,2754.887410,0.000000,2754.887410,2888.708821,0.000000,2888.708821,1377.443705,0.000000,0.725380,0.000000,0.725380,0.725380,0.000000,12.145200,0.000000,12.145200,12.145200,0.000000,0,0,0,0,173371555840,0,82670,0,-1,0,599671992,599671992,0,0,121452,121452,0,600169718,18446744073709551615,18446744073709551615,1,,,,,,10000000.000000,,,,,,0,0,13,31808,31136,19637,75,0,1,0,0,0,0,0,0,0,0,0,0,0,0
'Time Stamp
2019-09-07 17:28:08:546
'Access specifications
'Access specification name,default assignment
Std Write- 2M,0
'size,% of size,% reads,% random,delay,burst,align,reply
2097152,100,0,0,0,1,0,0,
'End access specifications
'Results
'Target Type,Target Name,Access Specification Name,# Managers,# Workers,# Disks,IOps,Read IOps,Write IOps,MiBps (Binary),Read MiBps (Binary),Write MiBps (Binary),MBps (Decimal),Read MBps (Decimal),Write MBps (Decimal),Transactions per Second,Connections per Second,Average Response Time,Average Read Response Time,Average Write Response Time,Average Transaction Time,Average Connection Time,Maximum Response Time,Maximum Read Response Time,Maximum Write Response Time,Maximum Transaction Time,Maximum Connection Time,Errors,Read Errors,Write Errors,Bytes Read,Bytes Written,Read I/Os,Write I/Os,Connections,Transactions per Connection,Total Raw Read Response Time,Total Raw Write Response Time,Total Raw Transaction Time,Total Raw Connection Time,Maximum Raw Read Response Time,Maximum Raw Write Response Time,Maximum Raw Transaction Time,Maximum Raw Connection Time,Total Raw Run Time,Starting Sector,Maximum Size,Queue Depth,% CPU Utilization,% User Time,% Privileged Time,% DPC Time,% Interrupt Time,Processor Speed,Interrupts per Second,CPU Effectiveness,Packets/Second,Packet Errors,Segments Retransmitted/Second,0 to 50 uS,50 to 100 uS,100 to 200 uS,200 to 500 uS,0.5 to 1 mS,1 to 2 mS,2 to 5 mS,5 to 10 mS,10 to 15 mS,15 to 20 mS,20 to 30 mS,30 to 50 mS,50 to 100 mS,100 to 200 mS,200 to 500 mS,0.5 to 1 S,1 to 2 s,2 to 4.7 s,4.7 to 5 s,5 to 10 s, >= 10 s
ALL,All,Std Write- 2M,1,1,1,1408.524979,704.129071,704.395907,2817.049957,1408.258143,1408.791814,2953.890976,1476.665691,1477.225285,1408.524979,0.000000,1.419429,1.419809,1.419050,1.419429,0.000000,13.255400,13.095900,13.255400,13.255400,0.000000,0,0,0,88621449216,88655003648,42258,42274,0,-1,,,,,,,,,,18446744073709551615,18446744073709551615,1,27.048013,9.042505,18.000379,0.322249,0.325504,,25395.813861,52.074988,62.596789,0.000000,2.283216,0,0,0,39371,30055,1021,2761,11200,124,0,0,0,0,0,0,0,0,0,0,0,0
MANAGER,TESTBIRNE,Std Write- 2M,,1,1,1408.524979,704.129071,704.395907,2817.049957,1408.258143,1408.791814,2953.890976,1476.665691,1477.225285,1408.524979,0.000000,1.419429,1.419809,1.419050,1.419429,0.000000,13.255400,13.095900,13.255400,13.255400,0.000000,0,0,0,88621449216,88655003648,42258,42274,0,-1,599982982,599889095,1199872077,0,130959,132554,132554,0,600145651,18446744073709551615,18446744073709551615,1,27.048013,9.042505,18.000379,0.322249,0.325504,10000000.000000,25395.813861,52.074988,62.596789,0.000000,2.283216,0,0,0,39371,30055,1021,2761,11200,124,0,0,0,0,0,0,0,0,0,0,0,0
PROCESSOR,CPU 0,,,,,,,,,,,,,,,,,,,,,,,,,,,,,,,,,,,,,,,,,,,,,,,26.852711,10.025527,16.822054,1.953025,2.031146,10000000.000000,4611.113450,,,,
PROCESSOR,CPU 1,,,,,,,,,,,,,,,,,,,,,,,,,,,,,,,,,,,,,,,,,,,,,,,16.124095,6.249679,9.869285,0.572887,0.234363,10000000.000000,2597.650074,,,,
PROCESSOR,CPU 2,,,,,,,,,,,,,,,,,,,,,,,,,,,,,,,,,,,,,,,,,,,,,,,25.941299,11.666068,14.270101,0.000000,0.104161,10000000.000000,3489.654314,,,,
PROCESSOR,CPU 3,,,,,,,,,,,,,,,,,,,,,,,,,,,,,,,,,,,,,,,,,,,,,,,32.217019,9.244317,22.967572,0.000000,0.104161,10000000.000000,2503.254916,,,,
PROCESSOR,CPU 4,,,,,,,,,,,,,,,,,,,,,,,,,,,,,,,,,,,,,,,,,,,,,,,21.983169,10.546334,11.431705,0.026040,0.052081,10000000.000000,3523.769231,,,,
PROCESSOR,CPU 5,,,,,,,,,,,,,,,,,,,,,,,,,,,,,,,,,,,,,,,,,,,,,,,31.539970,8.437067,23.097773,0.000000,0.000000,10000000.000000,2770.274552,,,,
PROCESSOR,CPU 6,,,,,,,,,,,,,,,,,,,,,,,,,,,,,,,,,,,,,,,,,,,,,,,34.821052,9.062035,25.753887,0.000000,0.026040,10000000.000000,3093.191319,,,,
PROCESSOR,CPU 7,,,,,,,,,,,,,,,,,,,,,,,,,,,,,,,,,,,,,,,,,,,,,,,26.904791,7.109010,19.790651,0.026040,0.052081,10000000.000000,2806.906006,,,,
WORKER,Worker 9,Std Write- 2M,,,1,704.395907,0.000000,704.395907,1408.791814,0.000000,1408.791814,1477.225285,0.000000,1477.225285,704.395907,0.000000,1.419050,0.000000,1.419050,1.419050,0.000000,13.255400,0.000000,13.255400,13.255400,0.000000,0,0,0,0,88655003648,0,42274,0,-1,0,599889095,599889095,0,0,132554,132554,0,600145452,18446744073709551615,18446744073709551615,1,,,,,,10000000.000000,,,,,,0,0,0,19603,15607,39,1521,5425,79,0,0,0,0,0,0,0,0,0,0,0,0
NETWORK,TESTBIRNE:192.168.100.85 >> TESTBIRNE:192.168.100.85,,,,,704.395907,0.000000,704.395907,1408.791814,0.000000,1408.791814,1477.225285,0.000000,1477.225285,704.395907,0.000000,1.419050,0.000000,1.419050,1.419050,0.000000,13.255400,0.000000,13.255400,13.255400,0.000000,0,0,0,0,88655003648,0,42274,0,-1,0,599889095,599889095,0,0,132554,132554,0,600145452,18446744073709551615,18446744073709551615,1,,,,,,10000000.000000,,,,,,0,0,0,19603,15607,39,1521,5425,79,0,0,0,0,0,0,0,0,0,0,0,0
WORKER,[Worker 9],Std Write- 2M,,,1,704.129071,704.129071,0.000000,1408.258143,1408.258143,0.000000,1476.665691,1476.665691,0.000000,704.129071,0.000000,1.419809,1.419809,0.000000,1.419809,0.000000,13.095900,13.095900,0.000000,13.095900,0.000000,0,0,0,88621449216,0,42258,0,0,-1,599982982,0,599982982,0,130959,0,130959,0,600145651,18446744073709551615,18446744073709551615,1,,,,,,10000000.000000,,,,,,0,0,0,19768,14448,982,1240,5775,45,0,0,0,0,0,0,0,0,0,0,0,0
'Time Stamp
2019-09-07 17:29:09:154
'End Test
